seed,profile,ants_requested,pre_days,post_days,adaptation_days,phase,food_x,food_y,phase_food_trips,phase_food_collected,day,model_version,calibration_status,px_per_cm,arena_width_cm,arena_height_cm,nest_radius_cm,sim_day_seconds,random_state,species,speed,ant_count_target,pheromone_strength,diffusion_rate,evaporation_rate,sense_threshold,temperature,humidity,resource_pressure,threat_pressure,hunger_pressure,brood_demand,soldier_ratio,ants,queens,role_worker,role_nurse,role_soldier,eggs,larvae,pupae,brood_total,dead,nest_corpses,disposed_corpses,food_store,water_store,carrying_food,carrying_water,carrying_corpse,avg_energy,avg_hydration,avg_turn_noise,low_noise_ants,high_noise_ants,brood_temp,brood_humidity,brood_stress,food_trips,water_trips,foraging_trips,food_collected,water_collected,food_trip_rate,water_trip_rate,corpse_moves,corpse_move_rate,task_explore,task_food,task_water,task_brood,task_corpse,task_patrol,task_defense,state_exploring,state_following_food_trail,state_following_water_trail,state_carrying_food,state_carrying_water,state_brood_care,state_corpse_cleanup,state_carrying_corpse,state_returning_to_recover,state_patrolling,food_pheromone,water_pheromone,nest_pheromone,alarm_pheromone,death_pheromone,avoid_pheromone
1,low,240,2,2,0.5,initial_food,960,180,0,0,2,0.3-literature-alignment,provisional_behavioral_units,20,60,38,3.6,86400,2389598119,lasius,1.4,240,120,100,80,10,26,58,45,25,95,0,12,240,1,154,52,34,0,0,0,0,0,0,0,29,1983,27,0,0,85,87,0.018,240,0,25.6,61.5,0.18,0,0,0,0,0,0,0,0,0,1,205,0,0,0,34,0,122,53,0,27,0,0,0,0,0,34,22738,0,31150,0,0,0
1,low,240,2,2,0.5,relocated_early,220,620,0,0,2.5,0.3-literature-alignment,provisional_behavioral_units,20,60,38,3.6,86400,1918878454,lasius,1.4,240,120,100,80,10,26,58,45,25,95,0,12,240,1,154,52,34,0,0,0,0,0,0,0,25,1976,36,0,0,84,88,0.018,240,0,25.7,60.7,0.2,0,0,0,0,0,0,0,0,0,0,206,0,0,0,34,0,83,86,0,36,0,0,0,0,0,34,39317,0,30349,0,0,0
1,low,240,2,2,0.5,relocated_late,220,620,47,245,4,0.3-literature-alignment,provisional_behavioral_units,20,60,38,3.6,86400,3092649546,lasius,1.4,240,120,100,80,10,26,58,45,25,95,0,12,240,1,154,52,34,0,0,0,0,0,0,0,248,1952,18,0,0,88,90,0.018,240,0,25.9,59.2,0.24,47,0,47,245,0,11.75,0,0,0,205,1,0,0,0,34,0,36,133,0,18,0,0,0,0,0,34,26644,0,26538,0,0,0
1,low,240,2,2,0.5,relocated_total,220,620,47,245,4,0.3-literature-alignment,provisional_behavioral_units,20,60,38,3.6,86400,3092649546,lasius,1.4,240,120,100,80,10,26,58,45,25,95,0,12,240,1,154,52,34,0,0,0,0,0,0,0,248,1952,18,0,0,88,90,0.018,240,0,25.9,59.2,0.24,47,0,47,245,0,11.75,0,0,0,205,1,0,0,0,34,0,36,133,0,18,0,0,0,0,0,34,26644,0,26538,0,0,0
2,low,240,2,2,0.5,initial_food,960,180,7,38,2,0.3-literature-alignment,provisional_behavioral_units,20,60,38,3.6,86400,989911047,lasius,1.4,240,120,100,80,10,26,58,45,25,95,0,12,240,1,156,48,36,0,0,0,0,0,0,0,67,1980,44,0,0,85,88,0.018,240,0,25.6,61.5,0.18,7,0,7,38,0,3.5,0,0,0,198,6,0,0,0,36,0,85,72,0,44,0,0,0,0,0,36,39359,0,28975,0,0,0
2,low,240,2,2,0.5,relocated_early,220,620,1,3,2.5,0.3-literature-alignment,provisional_behavioral_units,20,60,38,3.6,86400,3178873215,lasius,1.4,240,120,100,80,10,26,58,45,25,95,0,12,240,1,156,48,36,0,0,0,0,0,0,0,67,1976,52,0,0,85,88,0.018,240,0,25.7,60.7,0.2,8,0,8,41,0,3.2,0,0,0,198,6,0,0,0,36,0,59,93,0,52,0,0,0,0,0,36,45544,0,27380,0,0,0
2,low,240,2,2,0.5,relocated_late,220,620,42,195,4,0.3-literature-alignment,provisional_behavioral_units,20,60,38,3.6,86400,3487476867,lasius,1.4,240,120,100,80,10,26,58,45,25,95,0,12,240,1,156,48,36,0,0,0,0,0,0,0,250,1959,19,0,0,87,89,0.018,240,0,25.9,59.2,0.24,50,0,50,236,0,12.5,0,0,0,202,2,0,0,0,36,0,18,152,0,19,0,0,0,0,0,36,44684,0,28950,0,0,0
2,low,240,2,2,0.5,relocated_total,220,620,43,198,4,0.3-literature-alignment,provisional_behavioral_units,20,60,38,3.6,86400,3487476867,lasius,1.4,240,120,100,80,10,26,58,45,25,95,0,12,240,1,156,48,36,0,0,0,0,0,0,0,250,1959,19,0,0,87,89,0.018,240,0,25.9,59.2,0.24,50,0,50,236,0,12.5,0,0,0,202,2,0,0,0,36,0,18,152,0,19,0,0,0,0,0,36,44684,0,28950,0,0,0
3,low,240,2,2,0.5,initial_food,960,180,1,5,2,0.3-literature-alignment,provisional_behavioral_units,20,60,38,3.6,86400,4009662904,lasius,1.4,240,120,100,80,10,26,58,45,25,95,0,12,240,1,163,54,23,0,0,0,0,0,0,0,33,1980,57,0,0,85,88,0.018,240,0,25.6,61.5,0.18,1,0,1,5,0,0.5,0,0,0,35,182,0,0,0,23,0,91,68,0,57,0,0,0,0,0,23,42784,0,30191,0,0,0
3,low,240,2,2,0.5,relocated_early,220,620,0,0,2.5,0.3-literature-alignment,provisional_behavioral_units,20,60,38,3.6,86400,1727546811,lasius,1.4,240,120,100,80,10,26,58,45,25,95,0,12,240,1,163,54,23,0,0,0,0,0,0,0,27,1972,60,0,0,86,89,0.018,240,0,25.7,60.7,0.2,1,0,1,5,0,0.4,0,0,0,12,205,0,0,0,23,0,76,80,0,60,0,0,0,0,0,23,44269,0,28438,0,0,0
3,low,240,2,2,0.5,relocated_late,220,620,66,336,4,0.3-literature-alignment,provisional_behavioral_units,20,60,38,3.6,86400,2548880014,lasius,1.4,240,120,100,80,10,26,58,45,25,95,0,12,240,1,163,54,23,0,0,0,0,0,0,0,346,1953,14,0,0,89,90,0.018,240,0,25.9,59.2,0.24,67,0,67,341,0,16.75,0,0,0,217,0,0,0,0,23,0,110,79,0,14,0,0,0,0,0,23,18361,0,30182,0,0,0
3,low,240,2,2,0.5,relocated_total,220,620,66,336,4,0.3-literature-alignment,provisional_behavioral_units,20,60,38,3.6,86400,2548880014,lasius,1.4,240,120,100,80,10,26,58,45,25,95,0,12,240,1,163,54,23,0,0,0,0,0,0,0,346,1953,14,0,0,89,90,0.018,240,0,25.9,59.2,0.24,67,0,67,341,0,16.75,0,0,0,217,0,0,0,0,23,0,110,79,0,14,0,0,0,0,0,23,18361,0,30182,0,0,0
4,low,240,2,2,0.5,initial_food,960,180,1,6,2,0.3-literature-alignment,provisional_behavioral_units,20,60,38,3.6,86400,2719050963,lasius,1.4,240,120,100,80,10,26,58,45,25,95,0,12,240,1,158,54,28,0,0,0,0,0,0,0,35,1982,49,0,0,84,88,0.018,240,0,25.6,61.5,0.17,1,0,1,6,0,0.5,0,0,0,35,177,0,0,0,28,0,81,78,0,49,0,0,0,0,0,28,43886,0,30061,0,0,0
4,low,240,2,2,0.5,relocated_early,220,620,2,9,2.5,0.3-literature-alignment,provisional_behavioral_units,20,60,38,3.6,86400,3498653304,lasius,1.4,240,120,100,80,10,26,58,45,25,95,0,12,240,1,158,54,28,0,0,0,0,0,0,0,39,1975,54,0,0,84,89,0.018,240,0,25.7,60.7,0.2,3,0,3,15,0,1.2,0,0,0,39,173,0,0,0,28,0,52,104,0,54,0,0,0,0,0,28,52334,0,28413,0,0,0
4,low,240,2,2,0.5,relocated_late,220,620,55,281,4,0.3-literature-alignment,provisional_behavioral_units,20,60,38,3.6,86400,263576069,lasius,1.4,240,120,100,80,10,26,58,45,25,95,0,12,240,1,158,54,28,0,0,0,0,0,0,0,299,1950,1,0,0,88,91,0.018,240,0,25.9,59.2,0.24,58,0,58,296,0,14.5,0,0,0,212,0,0,0,0,28,0,78,118,0,1,0,0,0,0,0,28,15633,0,28483,0,0,0
4,low,240,2,2,0.5,relocated_total,220,620,57,290,4,0.3-literature-alignment,provisional_behavioral_units,20,60,38,3.6,86400,263576069,lasius,1.4,240,120,100,80,10,26,58,45,25,95,0,12,240,1,158,54,28,0,0,0,0,0,0,0,299,1950,1,0,0,88,91,0.018,240,0,25.9,59.2,0.24,58,0,58,296,0,14.5,0,0,0,212,0,0,0,0,28,0,78,118,0,1,0,0,0,0,0,28,15633,0,28483,0,0,0
5,low,240,2,2,0.5,initial_food,960,180,2,11,2,0.3-literature-alignment,provisional_behavioral_units,20,60,38,3.6,86400,955719056,lasius,1.4,240,120,100,80,10,26,58,45,25,95,0,12,240,1,161,47,32,0,0,0,0,0,0,0,40,1979,54,0,0,85,87,0.018,240,0,25.6,61.5,0.18,2,0,2,11,0,1,0,0,0,97,111,0,0,0,32,0,84,70,0,54,0,0,0,0,0,32,38639,0,29153,0,0,0
5,low,240,2,2,0.5,relocated_early,220,620,2,12,2.5,0.3-literature-alignment,provisional_behavioral_units,20,60,38,3.6,86400,1399921546,lasius,1.4,240,120,100,80,10,26,58,45,25,95,0,12,240,1,161,47,32,0,0,0,0,0,0,0,50,1975,56,0,0,85,87,0.018,240,0,25.7,60.7,0.2,4,0,4,23,0,1.6,0,0,0,104,104,0,0,0,32,0,51,98,0,56,0,0,0,0,0,32,56689,0,27213,0,0,0
5,low,240,2,2,0.5,relocated_late,220,620,45,228,4,0.3-literature-alignment,provisional_behavioral_units,20,60,38,3.6,86400,3006994640,lasius,1.4,240,120,100,80,10,26,58,45,25,95,0,12,240,1,161,47,32,0,0,0,0,0,0,0,268,1958,17,0,0,87,89,0.018,240,0,25.9,59.2,0.24,49,0,49,251,0,12.25,0,0,0,198,10,0,0,0,32,0,7,165,0,17,0,0,0,0,0,32,58926,0,28216,0,0,0
5,low,240,2,2,0.5,relocated_total,220,620,47,240,4,0.3-literature-alignment,provisional_behavioral_units,20,60,38,3.6,86400,3006994640,lasius,1.4,240,120,100,80,10,26,58,45,25,95,0,12,240,1,161,47,32,0,0,0,0,0,0,0,268,1958,17,0,0,87,89,0.018,240,0,25.9,59.2,0.24,49,0,49,251,0,12.25,0,0,0,198,10,0,0,0,32,0,7,165,0,17,0,0,0,0,0,32,58926,0,28216,0,0,0
1,medium,240,2,2,0.5,initial_food,960,180,7,35,2,0.3-literature-alignment,provisional_behavioral_units,20,60,38,3.6,86400,2775918439,lasius,1.4,240,120,100,80,10,26,58,45,25,95,0,12,240,1,154,52,34,0,0,0,0,0,0,0,63,1979,28,0,0,85,88,0.055,0,0,25.6,61.5,0.18,7,0,7,35,0,3.5,0,0,0,192,14,0,0,0,34,0,122,54,0,28,0,0,0,0,0,34,29592,0,30631,0,0,0
1,medium,240,2,2,0.5,relocated_early,220,620,2,11,2.5,0.3-literature-alignment,provisional_behavioral_units,20,60,38,3.6,86400,3811166433,lasius,1.4,240,120,100,80,10,26,58,45,25,95,0,12,240,1,154,52,34,0,0,0,0,0,0,0,71,1975,40,0,0,85,88,0.055,0,0,25.7,60.7,0.2,9,0,9,46,0,3.6,0,0,0,196,10,0,0,0,34,0,76,83,0,40,0,0,0,0,0,34,49951,0,29596,0,0,0
1,medium,240,2,2,0.5,relocated_late,220,620,24,117,4,0.3-literature-alignment,provisional_behavioral_units,20,60,38,3.6,86400,249901576,lasius,1.4,240,120,100,80,10,26,58,45,25,95,0,12,240,1,154,52,34,0,0,0,0,0,0,0,175,1959,49,0,0,86,89,0.055,0,0,25.9,59.2,0.24,33,0,33,163,0,8.25,0,0,0,198,8,0,0,0,34,0,70,77,0,49,0,0,0,0,0,34,60674,0,26483,0,0,0
1,medium,240,2,2,0.5,relocated_total,220,620,26,128,4,0.3-literature-alignment,provisional_behavioral_units,20,60,38,3.6,86400,249901576,lasius,1.4,240,120,100,80,10,26,58,45,25,95,0,12,240,1,154,52,34,0,0,0,0,0,0,0,175,1959,49,0,0,86,89,0.055,0,0,25.9,59.2,0.24,33,0,33,163,0,8.25,0,0,0,198,8,0,0,0,34,0,70,77,0,49,0,0,0,0,0,34,60674,0,26483,0,0,0
2,medium,240,2,2,0.5,initial_food,960,180,10,53,2,0.3-literature-alignment,provisional_behavioral_units,20,60,38,3.6,86400,3355673829,lasius,1.4,240,120,100,80,10,26,58,45,25,95,0,12,240,1,156,48,36,0,0,0,0,0,0,0,82,1979,27,0,0,86,88,0.055,0,0,25.6,61.5,0.18,10,0,10,53,0,5,0,0,0,199,5,0,0,0,36,0,140,33,0,27,0,0,0,0,0,36,24652,0,30613,0,0,0
2,medium,240,2,2,0.5,relocated_early,220,620,6,28,2.5,0.3-literature-alignment,provisional_behavioral_units,20,60,38,3.6,86400,1297407221,lasius,1.4,240,120,100,80,10,26,58,45,25,95,0,12,240,1,156,48,36,0,0,0,0,0,0,0,108,1976,30,0,0,86,88,0.055,0,0,25.7,60.7,0.2,16,0,16,81,0,6.4,0,0,0,200,4,0,0,0,36,0,94,72,0,30,0,0,0,0,0,36,37667,0,30233,0,0,0
2,medium,240,2,2,0.5,relocated_late,220,620,8,39,4,0.3-literature-alignment,provisional_behavioral_units,20,60,38,3.6,86400,1222279339,lasius,1.4,240,120,100,80,10,26,58,45,25,95,0,12,240,1,156,48,36,0,0,0,0,0,0,0,135,1959,51,0,0,86,89,0.055,0,0,25.9,59.2,0.24,24,0,24,120,0,6,0,0,0,200,4,0,0,0,36,0,60,88,0,51,0,0,0,0,0,36,64433,0,27190,0,0,0
2,medium,240,2,2,0.5,relocated_total,220,620,14,67,4,0.3-literature-alignment,provisional_behavioral_units,20,60,38,3.6,86400,1222279339,lasius,1.4,240,120,100,80,10,26,58,45,25,95,0,12,240,1,156,48,36,0,0,0,0,0,0,0,135,1959,51,0,0,86,89,0.055,0,0,25.9,59.2,0.24,24,0,24,120,0,6,0,0,0,200,4,0,0,0,36,0,60,88,0,51,0,0,0,0,0,36,64433,0,27190,0,0,0
3,medium,240,2,2,0.5,initial_food,960,180,21,96,2,0.3-literature-alignment,provisional_behavioral_units,20,60,38,3.6,86400,2715957755,lasius,1.4,240,120,100,80,10,26,58,45,25,95,0,12,240,1,163,54,23,0,0,0,0,0,0,0,123,1979,31,0,0,87,88,0.055,0,0,25.6,61.5,0.18,21,0,21,96,0,10.5,0,0,0,211,6,0,0,0,23,0,124,57,0,31,0,0,0,0,0,23,29353,0,31925,0,0,0
3,medium,240,2,2,0.5,relocated_early,220,620,7,31,2.5,0.3-literature-alignment,provisional_behavioral_units,20,60,38,3.6,86400,850594708,lasius,1.4,240,120,100,80,10,26,58,45,25,95,0,12,240,1,163,54,23,0,0,0,0,0,0,0,152,1974,36,0,0,87,88,0.055,0,0,25.7,60.7,0.2,28,0,28,127,0,11.2,0,0,0,213,4,0,0,0,23,0,98,74,0,36,0,0,0,0,0,23,41787,0,31480,0,0,0
3,medium,240,2,2,0.5,relocated_late,220,620,17,77,4,0.3-literature-alignment,provisional_behavioral_units,20,60,38,3.6,86400,554554168,lasius,1.4,240,120,100,80,10,26,58,45,25,95,0,12,240,1,163,54,23,0,0,0,0,0,0,0,218,1956,46,0,0,87,90,0.055,0,0,25.9,59.2,0.24,45,0,45,204,0,11.25,0,0,0,213,4,0,0,0,23,0,56,106,0,46,0,0,0,0,0,23,70112,0,28742,0,0,0
3,medium,240,2,2,0.5,relocated_total,220,620,24,108,4,0.3-literature-alignment,provisional_behavioral_units,20,60,38,3.6,86400,554554168,lasius,1.4,240,120,100,80,10,26,58,45,25,95,0,12,240,1,163,54,23,0,0,0,0,0,0,0,218,1956,46,0,0,87,90,0.055,0,0,25.9,59.2,0.24,45,0,45,204,0,11.25,0,0,0,213,4,0,0,0,23,0,56,106,0,46,0,0,0,0,0,23,70112,0,28742,0,0,0
4,medium,240,2,2,0.5,initial_food,960,180,7,38,2,0.3-literature-alignment,provisional_behavioral_units,20,60,38,3.6,86400,2290829438,lasius,1.4,240,120,100,80,10,26,58,45,25,95,0,12,240,1,158,54,28,0,0,0,0,0,0,0,67,1982,22,0,0,85,88,0.055,0,0,25.6,61.5,0.18,7,0,7,38,0,3.5,0,0,0,167,45,0,0,0,28,0,137,52,0,22,0,0,0,0,0,28,21409,0,32287,0,0,0
4,medium,240,2,2,0.5,relocated_early,220,620,3,12,2.5,0.3-literature-alignment,provisional_behavioral_units,20,60,38,3.6,86400,1976012503,lasius,1.4,240,120,100,80,10,26,58,45,25,95,0,12,240,1,158,54,28,0,0,0,0,0,0,0,77,1979,25,0,0,84,88,0.055,0,0,25.7,60.7,0.2,10,0,10,50,0,4,0,0,0,200,12,0,0,0,28,0,112,69,0,25,0,0,0,0,0,28,32213,0,32272,0,0,0
4,medium,240,2,2,0.5,relocated_late,220,620,4,22,4,0.3-literature-alignment,provisional_behavioral_units,20,60,38,3.6,86400,1467996747,lasius,1.4,240,120,100,80,10,26,58,45,25,95,0,12,240,1,158,54,28,0,0,0,0,0,0,0,83,1960,38,0,0,85,90,0.055,0,0,25.9,59.2,0.24,14,0,14,72,0,3.5,0,0,0,201,11,0,0,0,28,0,76,92,0,38,0,0,0,0,0,28,45357,0,30430,0,0,0
4,medium,240,2,2,0.5,relocated_total,220,620,7,34,4,0.3-literature-alignment,provisional_behavioral_units,20,60,38,3.6,86400,1467996747,lasius,1.4,240,120,100,80,10,26,58,45,25,95,0,12,240,1,158,54,28,0,0,0,0,0,0,0,83,1960,38,0,0,85,90,0.055,0,0,25.9,59.2,0.24,14,0,14,72,0,3.5,0,0,0,201,11,0,0,0,28,0,76,92,0,38,0,0,0,0,0,28,45357,0,30430,0,0,0
5,medium,240,2,2,0.5,initial_food,960,180,2,8,2,0.3-literature-alignment,provisional_behavioral_units,20,60,38,3.6,86400,2313178572,lasius,1.4,240,120,100,80,10,26,58,45,25,95,0,12,240,1,161,47,32,0,0,0,0,0,0,0,35,1977,35,0,0,85,88,0.055,0,0,25.6,61.5,0.18,2,0,2,8,0,1,0,0,0,22,186,0,0,0,32,0,127,43,0,35,0,0,0,0,0,32,32308,0,30594,0,0,0
5,medium,240,2,2,0.5,relocated_early,220,620,4,17,2.5,0.3-literature-alignment,provisional_behavioral_units,20,60,38,3.6,86400,4020283847,lasius,1.4,240,120,100,80,10,26,58,45,25,95,0,12,240,1,161,47,32,0,0,0,0,0,0,0,49,1972,37,0,0,85,88,0.055,0,0,25.7,60.7,0.2,6,0,6,25,0,2.4,0,0,0,117,91,0,0,0,32,0,95,73,0,37,0,0,0,0,0,32,46688,0,29750,0,0,0
5,medium,240,2,2,0.5,relocated_late,220,620,31,169,4,0.3-literature-alignment,provisional_behavioral_units,20,60,38,3.6,86400,2354406864,lasius,1.4,240,120,100,80,10,26,58,45,25,95,0,12,240,1,161,47,32,0,0,0,0,0,0,0,202,1951,21,0,0,87,90,0.055,0,0,25.9,59.2,0.24,37,0,37,194,0,9.25,0,0,0,201,7,0,0,0,32,0,67,108,0,21,0,0,0,0,0,32,40168,0,26582,0,0,0
5,medium,240,2,2,0.5,relocated_total,220,620,35,186,4,0.3-literature-alignment,provisional_behavioral_units,20,60,38,3.6,86400,2354406864,lasius,1.4,240,120,100,80,10,26,58,45,25,95,0,12,240,1,161,47,32,0,0,0,0,0,0,0,202,1951,21,0,0,87,90,0.055,0,0,25.9,59.2,0.24,37,0,37,194,0,9.25,0,0,0,201,7,0,0,0,32,0,67,108,0,21,0,0,0,0,0,32,40168,0,26582,0,0,0
1,high,240,2,2,0.5,initial_food,960,180,3,13,2,0.3-literature-alignment,provisional_behavioral_units,20,60,38,3.6,86400,2411935752,lasius,1.4,240,120,100,80,10,26,58,45,25,95,0,12,240,1,154,52,34,0,0,0,0,0,0,0,33,1969,9,0,0,86,90,0.105,0,240,25.6,61.5,0.18,3,0,3,13,0,1.5,0,0,0,7,199,0,0,0,34,0,0,0,0,9,0,0,0,0,0,34,8277,0,31091,0,0,0
1,high,240,2,2,0.5,relocated_early,220,620,4,20,2.5,0.3-literature-alignment,provisional_behavioral_units,20,60,38,3.6,86400,199156676,lasius,1.4,240,120,100,80,10,26,58,45,25,95,0,12,240,1,154,52,34,0,0,0,0,0,0,0,51,1966,13,0,0,86,90,0.105,0,240,25.7,60.7,0.2,7,0,7,33,0,2.8,0,0,0,124,82,0,0,0,34,0,0,0,0,13,0,0,0,0,0,34,13599,0,31705,0,0,0
1,high,240,2,2,0.5,relocated_late,220,620,11,57,4,0.3-literature-alignment,provisional_behavioral_units,20,60,38,3.6,86400,22736331,lasius,1.4,240,120,100,80,10,26,58,45,25,95,0,12,240,1,154,52,34,0,0,0,0,0,0,0,104,1960,25,0,0,85,89,0.105,0,240,25.9,59.2,0.24,18,0,18,90,0,4.5,0,0,0,203,3,0,0,0,34,0,0,0,0,25,0,0,0,0,0,34,31312,0,30973,0,0,0
1,high,240,2,2,0.5,relocated_total,220,620,15,77,4,0.3-literature-alignment,provisional_behavioral_units,20,60,38,3.6,86400,22736331,lasius,1.4,240,120,100,80,10,26,58,45,25,95,0,12,240,1,154,52,34,0,0,0,0,0,0,0,104,1960,25,0,0,85,89,0.105,0,240,25.9,59.2,0.24,18,0,18,90,0,4.5,0,0,0,203,3,0,0,0,34,0,0,0,0,25,0,0,0,0,0,34,31312,0,30973,0,0,0
2,high,240,2,2,0.5,initial_food,960,180,2,12,2,0.3-literature-alignment,provisional_behavioral_units,20,60,38,3.6,86400,1966899573,lasius,1.4,240,120,100,80,10,26,58,45,25,95,0,12,240,1,156,48,36,0,0,0,0,0,0,0,33,1970,15,0,0,86,90,0.105,0,240,25.6,61.5,0.18,2,0,2,12,0,1,0,0,0,3,201,0,0,0,36,0,0,0,0,15,0,0,0,0,0,36,14718,0,30423,0,0,0
2,high,240,2,2,0.5,relocated_early,220,620,1,3,2.5,0.3-literature-alignment,provisional_behavioral_units,20,60,38,3.6,86400,2705124101,lasius,1.4,240,120,100,80,10,26,58,45,25,95,0,12,240,1,156,48,36,0,0,0,0,0,0,0,34,1968,24,0,0,86,90,0.105,0,240,25.7,60.7,0.2,3,0,3,15,0,1.2,0,0,0,13,191,0,0,0,36,0,0,0,0,24,0,0,0,0,0,36,23182,0,30544,0,0,0
2,high,240,2,2,0.5,relocated_late,220,620,27,135,4,0.3-literature-alignment,provisional_behavioral_units,20,60,38,3.6,86400,2346926065,lasius,1.4,240,120,100,80,10,26,58,45,25,95,0,12,240,1,156,48,36,0,0,0,0,0,0,0,165,1961,20,0,0,86,89,0.105,0,240,25.9,59.2,0.24,30,0,30,150,0,7.5,0,0,0,197,7,0,0,0,36,0,0,0,0,20,0,0,0,0,0,36,36534,0,30270,0,0,0
2,high,240,2,2,0.5,relocated_total,220,620,28,138,4,0.3-literature-alignment,provisional_behavioral_units,20,60,38,3.6,86400,2346926065,lasius,1.4,240,120,100,80,10,26,58,45,25,95,0,12,240,1,156,48,36,0,0,0,0,0,0,0,165,1961,20,0,0,86,89,0.105,0,240,25.9,59.2,0.24,30,0,30,150,0,7.5,0,0,0,197,7,0,0,0,36,0,0,0,0,20,0,0,0,0,0,36,36534,0,30270,0,0,0
3,high,240,2,2,0.5,initial_food,960,180,3,16,2,0.3-literature-alignment,provisional_behavioral_units,20,60,38,3.6,86400,240369943,lasius,1.4,240,120,100,80,10,26,58,45,25,95,0,12,240,1,163,54,23,0,0,0,0,0,0,0,35,1971,9,0,0,87,89,0.105,0,240,25.6,61.5,0.18,3,0,3,16,0,1.5,0,0,0,37,180,0,0,0,23,0,0,0,0,9,0,0,0,0,0,23,10208,0,32573,0,0,0
3,high,240,2,2,0.5,relocated_early,220,620,4,17,2.5,0.3-literature-alignment,provisional_behavioral_units,20,60,38,3.6,86400,3664097245,lasius,1.4,240,120,100,80,10,26,58,45,25,95,0,12,240,1,163,54,23,0,0,0,0,0,0,0,51,1969,15,0,0,87,89,0.105,0,240,25.7,60.7,0.2,7,0,7,33,0,2.8,0,0,0,156,61,0,0,0,23,0,0,0,0,15,0,0,0,0,0,23,16937,0,33068,0,0,0
3,high,240,2,2,0.5,relocated_late,220,620,10,51,4,0.3-literature-alignment,provisional_behavioral_units,20,60,38,3.6,86400,2550549395,lasius,1.4,240,120,100,80,10,26,58,45,25,95,0,12,240,1,163,54,23,0,0,0,0,0,0,0,95,1961,21,0,0,86,89,0.105,0,240,25.9,59.2,0.24,17,0,17,84,0,4.25,0,0,0,210,7,0,0,0,23,0,0,0,0,21,0,0,0,0,0,23,33718,0,32727,0,0,0
3,high,240,2,2,0.5,relocated_total,220,620,14,68,4,0.3-literature-alignment,provisional_behavioral_units,20,60,38,3.6,86400,2550549395,lasius,1.4,240,120,100,80,10,26,58,45,25,95,0,12,240,1,163,54,23,0,0,0,0,0,0,0,95,1961,21,0,0,86,89,0.105,0,240,25.9,59.2,0.24,17,0,17,84,0,4.25,0,0,0,210,7,0,0,0,23,0,0,0,0,21,0,0,0,0,0,23,33718,0,32727,0,0,0
4,high,240,2,2,0.5,initial_food,960,180,1,6,2,0.3-literature-alignment,provisional_behavioral_units,20,60,38,3.6,86400,3175569323,lasius,1.4,240,120,100,80,10,26,58,45,25,95,0,12,240,1,158,54,28,0,0,0,0,0,0,0,26,1970,8,0,0,86,90,0.105,0,240,25.6,61.5,0.18,1,0,1,6,0,0.5,0,0,0,0,212,0,0,0,28,0,0,0,0,8,0,0,0,0,0,28,6674,0,32623,0,0,0
4,high,240,2,2,0.5,relocated_early,220,620,2,10,2.5,0.3-literature-alignment,provisional_behavioral_units,20,60,38,3.6,86400,3876990324,lasius,1.4,240,120,100,80,10,26,58,45,25,95,0,12,240,1,158,54,28,0,0,0,0,0,0,0,34,1968,14,0,0,85,90,0.105,0,240,25.7,60.7,0.2,3,0,3,16,0,1.2,0,0,0,5,207,0,0,0,28,0,0,0,0,14,0,0,0,0,0,28,12851,0,33005,0,0,0
4,high,240,2,2,0.5,relocated_late,220,620,15,75,4,0.3-literature-alignment,provisional_behavioral_units,20,60,38,3.6,86400,2559339706,lasius,1.4,240,120,100,80,10,26,58,45,25,95,0,12,240,1,158,54,28,0,0,0,0,0,0,0,103,1961,14,0,0,85,89,0.105,0,240,25.9,59.2,0.24,18,0,18,91,0,4.5,0,0,0,205,7,0,0,0,28,0,0,0,0,14,0,0,0,0,0,28,26712,0,32481,0,0,0
4,high,240,2,2,0.5,relocated_total,220,620,17,85,4,0.3-literature-alignment,provisional_behavioral_units,20,60,38,3.6,86400,2559339706,lasius,1.4,240,120,100,80,10,26,58,45,25,95,0,12,240,1,158,54,28,0,0,0,0,0,0,0,103,1961,14,0,0,85,89,0.105,0,240,25.9,59.2,0.24,18,0,18,91,0,4.5,0,0,0,205,7,0,0,0,28,0,0,0,0,14,0,0,0,0,0,28,26712,0,32481,0,0,0
5,high,240,2,2,0.5,initial_food,960,180,1,4,2,0.3-literature-alignment,provisional_behavioral_units,20,60,38,3.6,86400,4068306884,lasius,1.4,240,120,100,80,10,26,58,45,25,95,0,12,240,1,161,47,32,0,0,0,0,0,0,0,25,1965,13,0,0,86,90,0.105,0,240,25.6,61.5,0.18,1,0,1,4,0,0.5,0,0,0,0,208,0,0,0,32,0,0,0,0,13,0,0,0,0,0,32,9848,0,31141,0,0,0
5,high,240,2,2,0.5,relocated_early,220,620,3,16,2.5,0.3-literature-alignment,provisional_behavioral_units,20,60,38,3.6,86400,2542947227,lasius,1.4,240,120,100,80,10,26,58,45,25,95,0,12,240,1,161,47,32,0,0,0,0,0,0,0,39,1962,18,0,0,86,90,0.105,0,240,25.7,60.7,0.2,4,0,4,20,0,1.6,0,0,0,22,186,0,0,0,32,0,0,0,0,18,0,0,0,0,0,32,18722,0,31248,0,0,0
5,high,240,2,2,0.5,relocated_late,220,620,15,73,4,0.3-literature-alignment,provisional_behavioral_units,20,60,38,3.6,86400,836986312,lasius,1.4,240,120,100,80,10,26,58,45,25,95,0,12,240,1,161,47,32,0,0,0,0,0,0,0,107,1955,18,0,0,86,89,0.105,0,240,25.9,59.2,0.24,19,0,19,93,0,4.75,0,0,0,199,9,0,0,0,32,0,0,0,0,18,0,0,0,0,0,32,31693,0,31168,0,0,0
5,high,240,2,2,0.5,relocated_total,220,620,18,89,4,0.3-literature-alignment,provisional_behavioral_units,20,60,38,3.6,86400,836986312,lasius,1.4,240,120,100,80,10,26,58,45,25,95,0,12,240,1,161,47,32,0,0,0,0,0,0,0,107,1955,18,0,0,86,89,0.105,0,240,25.9,59.2,0.24,19,0,19,93,0,4.75,0,0,0,199,9,0,0,0,32,0,0,0,0,18,0,0,0,0,0,32,31693,0,31168,0,0,0
1,diverse,240,2,2,0.5,initial_food,960,180,2,7,2,0.3-literature-alignment,provisional_behavioral_units,20,60,38,3.6,86400,151259330,lasius,1.4,240,120,100,80,10,26,58,45,25,95,0,12,240,1,154,52,34,0,0,0,0,0,0,0,34,1979,19,0,0,85,88,0.0604,72,72,25.6,61.5,0.18,2,0,2,7,0,1,0,0,0,20,186,0,0,0,34,0,100,24,0,19,0,0,0,0,0,34,14554,0,31655,0,0,0
1,diverse,240,2,2,0.5,relocated_early,220,620,3,16,2.5,0.3-literature-alignment,provisional_behavioral_units,20,60,38,3.6,86400,2815250498,lasius,1.4,240,120,100,80,10,26,58,45,25,95,0,12,240,1,154,52,34,0,0,0,0,0,0,0,48,1976,20,0,0,85,88,0.0604,72,72,25.7,60.7,0.2,5,0,5,23,0,2,0,0,0,154,52,0,0,0,34,0,74,52,0,20,0,0,0,0,0,34,23751,0,31882,0,0,0
1,diverse,240,2,2,0.5,relocated_late,220,620,5,26,4,0.3-literature-alignment,provisional_behavioral_units,20,60,38,3.6,86400,2157835275,lasius,1.4,240,120,100,80,10,26,58,45,25,95,0,12,240,1,154,52,34,0,0,0,0,0,0,0,61,1958,24,0,0,85,89,0.0604,72,72,25.9,59.2,0.24,10,0,10,49,0,2.5,0,0,0,193,13,0,0,0,34,0,37,87,0,24,0,0,0,0,0,34,42060,0,30737,0,0,0
1,diverse,240,2,2,0.5,relocated_total,220,620,8,42,4,0.3-literature-alignment,provisional_behavioral_units,20,60,38,3.6,86400,2157835275,lasius,1.4,240,120,100,80,10,26,58,45,25,95,0,12,240,1,154,52,34,0,0,0,0,0,0,0,61,1958,24,0,0,85,89,0.0604,72,72,25.9,59.2,0.24,10,0,10,49,0,2.5,0,0,0,193,13,0,0,0,34,0,37,87,0,24,0,0,0,0,0,34,42060,0,30737,0,0,0
2,diverse,240,2,2,0.5,initial_food,960,180,6,30,2,0.3-literature-alignment,provisional_behavioral_units,20,60,38,3.6,86400,3243466376,lasius,1.4,240,120,100,80,10,26,58,45,25,95,0,12,240,1,156,48,36,0,0,0,0,0,0,0,57,1977,19,0,0,86,89,0.0604,72,72,25.6,61.5,0.18,6,0,6,30,0,3,0,0,0,179,25,0,0,0,36,0,85,34,0,19,0,0,0,0,0,36,19551,0,30956,0,0,0
2,diverse,240,2,2,0.5,relocated_early,220,620,4,21,2.5,0.3-literature-alignment,provisional_behavioral_units,20,60,38,3.6,86400,1574964738,lasius,1.4,240,120,100,80,10,26,58,45,25,95,0,12,240,1,156,48,36,0,0,0,0,0,0,0,76,1973,25,0,0,86,89,0.0604,72,72,25.7,60.7,0.2,10,0,10,51,0,4,0,0,0,193,11,0,0,0,36,0,49,64,0,25,0,0,0,0,0,36,29790,0,30852,0,0,0
2,diverse,240,2,2,0.5,relocated_late,220,620,35,180,4,0.3-literature-alignment,provisional_behavioral_units,20,60,38,3.6,86400,3422005308,lasius,1.4,240,120,100,80,10,26,58,45,25,95,0,12,240,1,156,48,36,0,0,0,0,0,0,0,244,1957,15,0,0,87,90,0.0604,72,72,25.9,59.2,0.24,45,0,45,231,0,11.25,0,0,0,202,2,0,0,0,36,0,48,72,0,15,0,0,0,0,0,36,41163,0,28258,0,0,0
2,diverse,240,2,2,0.5,relocated_total,220,620,39,201,4,0.3-literature-alignment,provisional_behavioral_units,20,60,38,3.6,86400,3422005308,lasius,1.4,240,120,100,80,10,26,58,45,25,95,0,12,240,1,156,48,36,0,0,0,0,0,0,0,244,1957,15,0,0,87,90,0.0604,72,72,25.9,59.2,0.24,45,0,45,231,0,11.25,0,0,0,202,2,0,0,0,36,0,48,72,0,15,0,0,0,0,0,36,41163,0,28258,0,0,0
3,diverse,240,2,2,0.5,initial_food,960,180,4,20,2,0.3-literature-alignment,provisional_behavioral_units,20,60,38,3.6,86400,1572894636,lasius,1.4,240,120,100,80,10,26,58,45,25,95,0,12,240,1,163,54,23,0,0,0,0,0,0,0,47,1979,23,0,0,86,88,0.0604,72,72,25.6,61.5,0.18,4,0,4,20,0,2,0,0,0,167,50,0,0,0,23,0,105,26,0,23,0,0,0,0,0,23,22274,0,32749,0,0,0
3,diverse,240,2,2,0.5,relocated_early,220,620,4,23,2.5,0.3-literature-alignment,provisional_behavioral_units,20,60,38,3.6,86400,2815382761,lasius,1.4,240,120,100,80,10,26,58,45,25,95,0,12,240,1,163,54,23,0,0,0,0,0,0,0,68,1976,32,0,0,85,88,0.0604,72,72,25.7,60.7,0.2,8,0,8,43,0,3.2,0,0,0,204,13,0,0,0,23,0,64,62,0,32,0,0,0,0,0,23,36522,0,32226,0,0,0
3,diverse,240,2,2,0.5,relocated_late,220,620,4,19,4,0.3-literature-alignment,provisional_behavioral_units,20,60,38,3.6,86400,1746771336,lasius,1.4,240,120,100,80,10,26,58,45,25,95,0,12,240,1,163,54,23,0,0,0,0,0,0,0,72,1957,41,0,0,86,90,0.0604,72,72,25.9,59.2,0.24,12,0,12,62,0,3,0,0,0,205,12,0,0,0,23,0,37,83,0,41,0,0,0,0,0,23,48668,0,30025,0,0,0
3,diverse,240,2,2,0.5,relocated_total,220,620,8,42,4,0.3-literature-alignment,provisional_behavioral_units,20,60,38,3.6,86400,1746771336,lasius,1.4,240,120,100,80,10,26,58,45,25,95,0,12,240,1,163,54,23,0,0,0,0,0,0,0,72,1957,41,0,0,86,90,0.0604,72,72,25.9,59.2,0.24,12,0,12,62,0,3,0,0,0,205,12,0,0,0,23,0,37,83,0,41,0,0,0,0,0,23,48668,0,30025,0,0,0
4,diverse,240,2,2,0.5,initial_food,960,180,3,14,2,0.3-literature-alignment,provisional_behavioral_units,20,60,38,3.6,86400,952984298,lasius,1.4,240,120,100,80,10,26,58,45,25,95,0,12,240,1,158,54,28,0,0,0,0,0,0,0,38,1976,32,0,0,85,89,0.0604,72,72,25.6,61.5,0.18,3,0,3,14,0,1.5,0,0,0,86,126,0,0,0,28,0,72,46,0,32,0,0,0,0,0,28,34382,0,30969,0,0,0
4,diverse,240,2,2,0.5,relocated_early,220,620,1,5,2.5,0.3-literature-alignment,provisional_behavioral_units,20,60,38,3.6,86400,1950469923,lasius,1.4,240,120,100,80,10,26,58,45,25,95,0,12,240,1,158,54,28,0,0,0,0,0,0,0,39,1970,38,0,0,85,89,0.0604,72,72,25.7,60.7,0.2,4,0,4,19,0,1.6,0,0,0,104,108,0,0,0,28,0,61,56,0,38,0,0,0,0,0,28,40952,0,30307,0,0,0
4,diverse,240,2,2,0.5,relocated_late,220,620,46,233,4,0.3-literature-alignment,provisional_behavioral_units,20,60,38,3.6,86400,1044383309,lasius,1.4,240,120,100,80,10,26,58,45,25,95,0,12,240,1,158,54,28,0,0,0,0,0,0,0,259,1958,19,0,0,87,90,0.0604,72,72,25.9,59.2,0.24,50,0,50,252,0,12.5,0,0,0,209,3,0,0,0,28,0,63,63,0,19,0,0,0,0,0,28,31761,0,29202,0,0,0
4,diverse,240,2,2,0.5,relocated_total,220,620,47,238,4,0.3-literature-alignment,provisional_behavioral_units,20,60,38,3.6,86400,1044383309,lasius,1.4,240,120,100,80,10,26,58,45,25,95,0,12,240,1,158,54,28,0,0,0,0,0,0,0,259,1958,19,0,0,87,90,0.0604,72,72,25.9,59.2,0.24,50,0,50,252,0,12.5,0,0,0,209,3,0,0,0,28,0,63,63,0,19,0,0,0,0,0,28,31761,0,29202,0,0,0
5,diverse,240,2,2,0.5,initial_food,960,180,2,10,2,0.3-literature-alignment,provisional_behavioral_units,20,60,38,3.6,86400,3223012600,lasius,1.4,240,120,100,80,10,26,58,45,25,95,0,12,240,1,161,47,32,0,0,0,0,0,0,0,38,1976,40,0,0,85,88,0.0604,72,72,25.6,61.5,0.18,2,0,2,10,0,1,0,0,0,75,133,0,0,0,32,0,68,42,0,40,0,0,0,0,0,32,41774,0,29514,0,0,0
5,diverse,240,2,2,0.5,relocated_early,220,620,6,30,2.5,0.3-literature-alignment,provisional_behavioral_units,20,60,38,3.6,86400,780268612,lasius,1.4,240,120,100,80,10,26,58,45,25,95,0,12,240,1,161,47,32,0,0,0,0,0,0,0,64,1970,41,0,0,86,88,0.0604,72,72,25.7,60.7,0.2,8,0,8,40,0,3.2,0,0,0,154,54,0,0,0,32,0,48,58,0,41,0,0,0,0,0,32,52691,0,28661,0,0,0
5,diverse,240,2,2,0.5,relocated_late,220,620,4,18,4,0.3-literature-alignment,provisional_behavioral_units,20,60,38,3.6,86400,143472690,lasius,1.4,240,120,100,80,10,26,58,45,25,95,0,12,240,1,161,47,32,0,0,0,0,0,0,0,64,1950,54,0,0,86,90,0.0604,72,72,25.9,59.2,0.24,12,0,12,58,0,3,0,0,0,178,30,0,0,0,32,0,31,70,0,54,0,0,0,0,0,32,43425,0,26892,0,0,0
5,diverse,240,2,2,0.5,relocated_total,220,620,10,48,4,0.3-literature-alignment,provisional_behavioral_units,20,60,38,3.6,86400,143472690,lasius,1.4,240,120,100,80,10,26,58,45,25,95,0,12,240,1,161,47,32,0,0,0,0,0,0,0,64,1950,54,0,0,86,90,0.0604,72,72,25.9,59.2,0.24,12,0,12,58,0,3,0,0,0,178,30,0,0,0,32,0,31,70,0,54,0,0,0,0,0,32,43425,0,26892,0,0,0
